-- phpMyAdmin SQL Dump
-- version 5.2.1
-- https://www.phpmyadmin.net/
--
-- Host: 127.0.0.1
-- Generation Time: Nov 21, 2024 at 04:50 AM
-- Server version: 10.4.28-MariaDB
-- PHP Version: 8.0.28

SET SQL_MODE = "NO_AUTO_VALUE_ON_ZERO";
START TRANSACTION;
SET time_zone = "+00:00";


/*!40101 SET @OLD_CHARACTER_SET_CLIENT=@@CHARACTER_SET_CLIENT */;
/*!40101 SET @OLD_CHARACTER_SET_RESULTS=@@CHARACTER_SET_RESULTS */;
/*!40101 SET @OLD_COLLATION_CONNECTION=@@COLLATION_CONNECTION */;
/*!40101 SET NAMES utf8mb4 */;

--
-- Database: `nhom2`
--

-- --------------------------------------------------------

--
-- Table structure for table `manufactures`
--

CREATE TABLE `manufactures` (
  `manu_id` int(11) NOT NULL,
  `manu_name` varchar(100) CHARACTER SET utf8mb4 COLLATE utf8mb4_unicode_ci NOT NULL
) ENGINE=InnoDB DEFAULT CHARSET=utf8mb4 COLLATE=utf8mb4_general_ci;

--
-- Dumping data for table `manufactures`
--

INSERT INTO `manufactures` (`manu_id`, `manu_name`) VALUES
(1, 'La Roche-Posay'),
(2, 'Hada Labo'),
(3, 'Innisfree'),
(4, 'Cocoon'),
(5, 'L\'Oréal');

-- --------------------------------------------------------

--
-- Table structure for table `products`
--

CREATE TABLE `products` (
  `id` int(11) NOT NULL,
  `name` varchar(100) CHARACTER SET utf8mb4 COLLATE utf8mb4_unicode_ci NOT NULL,
  `excerpt` varchar(255) CHARACTER SET utf8mb4 COLLATE utf8mb4_unicode_ci NOT NULL,
  `manu_id` int(11) NOT NULL,
  `type_id` int(11) NOT NULL,
  `price` int(11) NOT NULL,
  `image` varchar(150) CHARACTER SET utf8mb4 COLLATE utf8mb4_unicode_ci NOT NULL,
  `description` text CHARACTER SET utf8mb4 COLLATE utf8mb4_unicode_ci DEFAULT NULL,
  `feature` tinyint(4) NOT NULL DEFAULT 0,
  `created_at` timestamp NOT NULL DEFAULT current_timestamp()
) ENGINE=InnoDB DEFAULT CHARSET=utf8mb4 COLLATE=utf8mb4_general_ci;

--
-- Dumping data for table `products`
--

INSERT INTO `products` (`id`, `name`, `excerpt`, `manu_id`, `type_id`, `price`, `image`, `description`, `feature`, `created_at`) VALUES
(1, 'Sữa Rửa Mặt La Roche-Posay Effaclar Gel 200ml Phù Hợp Cho Da Dầu Nhạy Cảm', 'Sữa rửa mặt La Roche-Posay Effaclar Gel 200ml giúp làm sạch lỗ chân lông một cách nhẹ nhàng.\\nBên cạnh đó, nó còn giúp loại bỏ bớt lượng dầu thừa ở những người da dầu nhạy cảm.', 1, 2, 385000, 'Laroche-Posay-Effaclar-Gel-200ml.jpg', 'Sữa rửa mặt La Roche-Posay Effaclar Gel 200ml giúp làm sạch lỗ chân lông một cách nhẹ nhàng.\nBên cạnh đó, nó còn giúp loại bỏ bớt lượng dầu thừa ở những người da dầu nhạy cảm.\nSử dụng sữa rửa mặt La Roche-Posay Effaclar Gel sẽ mang lại cho bạn một làn da mềm mại, thông thoáng và tràn đầy sức sống.', 0, '2024-11-21 00:59:27'),
(2, 'Sữa rửa mặt LaRoche Posay Effaclar cho da dầu mụn', 'Sửa rửa mặt La Roche-Posay Effaclar dành cho làn da dầu và nhạy cảm giúp ngăn ngừa và hỗ trợ điều trị mụn tối đa với kết cấu dạng gel trong rất dễ dàng tạo bọt cùng với công thức không chứa dầu, không cồn, an toàn cho làn da.', 1, 2, 390000, '_la_roche_posay_effaclar_400ml_854e558e2ebc47e3af373d5390588519_grande_cb361ff80bf345008ad6c70de57b740d_master.webp', 'Sửa rửa mặt La Roche-Posay Effaclar dành cho làn da dầu và nhạy cảm giúp ngăn ngừa và hỗ trợ điều trị mụn tối đa với kết cấu dạng gel trong rất dễ dàng tạo bọt cùng với công thức không chứa dầu, không cồn, an toàn cho làn da. Sản phẩm nhẹ nhàng làm sạch làn da từ sâu trong lỗ chân lông, loại bỏ bụi bẩn cùng dầu thừa trong da, làn da không hề khô rít, căng rát, mà vẫn mềm mịn, sạch thoáng và đầy sức sống.\n\n• Xuất xứ : Pháp\n\n• Thương Hiệu : La Roche-PosayCông dụng của sữa rửa mặt La Roche Posay có tốt không ?\nNhững công dụng tuyệt với mà các chị em nên biết:\n\n- Với khả năng làm sạch sâu từ lỗ chân lông, La Roche Posay Effaclar loại bỏ triệt để các loại bụi, cặn trang điểm, dầu nhờn thừa trên làn da, giúp thông thoáng các lỗ chân lông, giảm thiểu tình trạng mụn trứng cá, mụn bọc, mụn ẩn…\n\n- Thêm vào đó, thành phần có trong công thức sản phẩm còn được bổ sung thêm glycerin. Chất dưỡng ẩm thành tính này hỗ trợ cấp ẩm cho làn da, giảm khô và tăng độ đàn hồi của làn da.\n\n- Nhờ thành phần Salicylic acid trong sản phẩm, khả năng trị mụn của sữa rửa mặt này càng tăng lên đáng kể. Acid này giúp giảm viêm, giảm sưng và hạn chế việc hình thành mụn. Trị mụn, điều trị làn da nhạy cảm, giảm kích ứng cho làn da.\n\n- Sữa rửa mặt giúp làm sạch làn da nhẹ nhàng không làm thay đổi pH của da, không gây khô căng làn da sau khi sử dụng.', 0, '2024-11-21 01:03:44'),
(3, 'Nước tẩy trang Laroche Posay 400ml Trắng (Da khô, nhạy cảm)', 'Nước tẩy trang Laroche Posay 400ml màu Trắng dành cho Da khô, da nhạy cảm\r\nNước Làm Sạch Sâu Và Tẩy Trang La Roche-Posay Dành Cho Da Nhạy Cảm là sản phẩm tẩy trang làm sạch sâu được thiết kế riêng cho da nhạy cảm.', 1, 1, 380000, 'nuoc-tay-trang-laroche-posay-400ml-trang-da-kho-nhay-cam-1.webp', 'Quy cách sản phẩm\nHãng sản xuất:	LA ROCHE-POSAY\nXuất xứ:	Pháp\nQuy cách:	Chai 400ml\nNước tẩy trang Laroche Posay 400ml màu Trắng dành cho Da khô, da nhạy cảm\nNước Làm Sạch Sâu Và Tẩy Trang La Roche-Posay Dành Cho Da Nhạy Cảm là sản phẩm tẩy trang làm sạch sâu được thiết kế riêng cho da nhạy cảm. Với công nghệ cải tiến Glyco Micellar, sản phẩm mang lại hiệu quả làm sạch sâu vượt trội giúp lấy đi bụi bẩn, bã nhờn và lớp trang điểm nhưng vẫn an toàn cho làn da nhạy cảm & dễ kích ứng.Thành phần và công dụng của sản phẩm\n●  Nước làm sạch sâu và tẩy trang chứa những hạt micelle cùng công nghệ cải tiến Glyco Micellar có khả năng làm sạch đến 99% lớp trang điểm, 70% mascara và các hạt bụi siêu nhỏ có trong khói xe và môi trường ô nhiễm chỉ sau một lượt bông cotton.\n\n●  Sản phẩm phù hợp để tẩy trang cho da mặt, mắt và môi.\n\n●  Nước làm sạch sâu và tẩy trang La Roche-Posay dành cho da nhạy cảm giàu nước khoáng La Roche-Posay với tính năng làm dịu da, giảm kích ứng và chống oxi hóa.\n\n●  Thành phần Aqua có trong sản phẩm giúp cung cấp độ ẩm và giảm ma sát tối đa khi làm sạch.\n\n●  Sản phẩm không chứa paraben, không chất tạo màu, không cồn và xà phòng, an toàn khi sử dụng hàng ngày.\n\nĐối tượng sử dụng\nNước làm sạch sâu và tẩy trang La Roche-Posay dành riêng cho da nhạy cảm.\n\nHướng dẫn sử dụng Nước tẩy trang Laroche Posay 400ml\n✅  Đổ vài giọt sản phẩm ra bông cotton & lau sạch các vùng da cần làm sạch hoặc tẩy trang.\n\n✅  Nên kết hợp xịt khoáng La Roche-Posay sau bước làm sạch.\n\n✅  Không cần rửa lại với nước.', 0, '2024-11-21 01:03:44'),
(4, 'La Roche-Posay Hyalu B5 Serum - Tinh chất phục hồi & tái tạo da', 'La Roche-Posay Hyalu B5 là dòng serum chuyên biệt với hoạt chất Hyaluronic Acid Duo giúp dưỡng ẩm chuyên sâu, cho da căng mịn. Ngoài ra, còn được bổ sung Vitamin B5 và Madecassoside giúp làm dịu & bảo vệ da, cải thiện làn da hư tổn nhanh chóng. ', 1, 4, 1260000, 'la-roche-posay-hyalu-b5-serum-hop-30ml.webp', 'Thông tin chi tiết\r\nLa Roche-Posay Hyalu B5 là dòng serum chuyên biệt với hoạt chất Hyaluronic Acid Duo giúp dưỡng ẩm chuyên sâu, cho da căng mịn. Ngoài ra, còn được bổ sung Vitamin B5 và Madecassoside giúp làm dịu & bảo vệ da, cải thiện làn da hư tổn nhanh chóng. \r\n\r\nSerum có kết cấu cực nhẹ, thẩm thấu nhanh vào da và không hề gây nhờn rít. Chỉ sau một thời gian sử dụng, da sẽ trở nên mịn màng, ẩm mượt và rạng rỡ hơn. Sản phẩm đã được kiểm nghiệm bởi bác sĩ da liễu, tuyệt đối an toàn cho da, kể cả da nhạy cảm.\r\n\r\nCông dụng\r\nDưỡng chất giúp dưỡng da, cấp ẩm cho da mềm mại, đồng thời giảm nếp nhăn giúp da trông săn chắc và đàn hồi hơn.\r\nCông nghệ đột phá từ viện nghiên cứu La Roche-Posay, kết hợp 3 thành phần [2 loại Hyaluronic acid nguyên chất] + [Vitamin B5] + [Madecassoside].\r\nSản phẩm không chứa paraben, không gây nhân mụn trứng cá, độ an toàn được kiểm định trên làn da nhạy cảm.\r\nLoại da phù hợp\r\nDa thiếu độ ẩm cần được phục hồi.\r\nDa nhạy cảm.\r\nThích hợp sử dụng sau các liệu trình chăm sóc thẩm mỹ.\r\nHướng dẫn sử dụng\r\nSử dụng hằng ngày vào buổi sáng và/hoặc tối sau bước làm sạch với sữa rửa mặt, làm dịu với nước khoáng.\r\nThoa một lượng vừa đủ, nhẹ nhàng mát-xa để dưỡng chất thấm sâu vào trong da. Tránh thoa vùng quanh mắt.\r\nBảo quản\r\nNhiệt độ phòng, tránh ánh nắng trực tiếp, để xa tầm tay trẻ em.\r\n\r\nLưu ý\r\nKhông gây kích ứng.\r\nPhù hợp với làn da nhạy cảm.\r\nNên dùng trong vòng 12 tháng sau khi mở nắp.\r\nThương hiệu La Roche-Posay\r\nLa Roche-Posay chính thức ra đời vào năm 1975, là thương hiệu dược mỹ phẩm hàng đầu của Pháp, thuộc sở hữu của tập đoàn làm đẹp L’Oréal.\r\n\r\nThành phần chủ đạo trong nhiều sản phẩm La Roche-Posay chính là nước suối khoáng - thermal spring water được lấy từ làng La Roche-Posay thuộc Vienne, Pháp - nơi có nguồn nước khoáng nổi tiếng được phát hiện từ thế kỷ thứ XIV. Nước khoáng La Roche-Posay có khả năng làm dịu các kích ứng và chứa nhiều khoáng chất có lợi cho làn da.\r\n\r\nTất cả những sản phẩm thuộc La Roche Posay đều được thử nghiệm lâm sàng và đánh giá khách quan từ bệnh viện Saint Jacques-Toulouse. Quy trình bào chế của sản phẩm cũng rất nghiêm ngặt mang lại cho người sử dụng vẻ đẹp tự nhiên và rất an toàn.\r\n\r\nSau gần 50 năm thành lập, La Roche Posay ngày càng phát triển, có mặt ở nhiều quốc gia trên thế giới. Thương hiệu được hơn 25.000 bác sĩ da liễu khuyên dùng và được ưa chuộng với những sản phẩm chăm sóc da chất lượng và lành tính, phù hợp với những làn da nhạy cảm nhất.\r\n\r\n', 0, '2024-11-21 01:09:18'),
(5, 'Nước Cân Bằng Giàu Khoáng Dành Cho Da Dầu La Roche-Posay Effaclar Astringent Lotion Toner 200ml', 'Nước Cân Bằng Giàu Khoáng Dành Cho Da Dầu La Roche Posay Effaclar Astringent Lotion 200ml là giải pháp làm sạch sâu đến tận lỗ chân lông, ngăn chặn sự tích tụ bã nhờn cùng dầu thừa và giảm thiểu tình trạng tắc nghẽn lỗ chân lông gây nên mụn.', 1, 3, 328000, 'thiet_ke_chua_co_ten__18__c5361012a1cd4299a05f64019bc076c0.webp', 'Nước Cân Bằng Giàu Khoáng Dành Cho Da Dầu La Roche Posay Effaclar Astringent Lotion 200ml là giải pháp làm sạch sâu đến tận lỗ chân lông, ngăn chặn sự tích tụ bã nhờn cùng dầu thừa và giảm thiểu tình trạng tắc nghẽn lỗ chân lông gây nên mụn. Sản phẩm an toàn, phù hợp cho những bạn có làn da dầu nhạy cảm, khó chọn Toner. - Picare là nhà phân phối chính hãng của La Roche-Posay tại Việt Nam.', 0, '2024-11-21 01:09:18'),
(6, 'Kem Rửa Mặt Giúp Dưỡng Sáng Perfect White Cleanser Hada Labo 80Gr', 'Kem Rửa Mặt thương hiệu Hada Labo Perfect White Cleanser lvới công thức dạng kem tạo bọt mềm mịn, giúp len lỏi sâu vào lỗ chân lông và làm sạch sâu da một cách dịu nhẹ, đồng thời dưỡng da sáng mịn\r\n', 2, 2, 75000, 'vn-11134207-7qukw-lfp7w51425ite3.jpg', 'Giới Thiệu\r\nKem Rửa Mặt thương hiệu Hada Labo Perfect White Cleanser lvới công thức dạng kem tạo bọt mềm mịn, giúp len lỏi sâu vào lỗ chân lông và làm sạch sâu da một cách dịu nhẹ, đồng thời dưỡng da sáng mịn, ẩm mượt nhờ thành phần Arbutin tinh khiết và Hyaluronic Acid, mang lại cho bạn làn da rạng rỡ và đều màu hơn mỗi ngày\r\nCÔNG DỤNG CHÍNH:\r\n\r\nCông nghệ Amino Acid giúp da sạch sâu: Nhẹ nhàng rửa sạch bụi bẩn, bã nhờn, tế bào chết… ẩn sâu trong lỗ chân lông, mà vẫn êm dịu với da so với các sản phẩm rửa mặt chứa hệ xà phòng\r\nArbutin tinh khiết ức chế sự hình thành & phân tán hắc tố melanin từ sâu bên trong lớp biểu bì – nguyên nhân gây nám, tàn nhang & đốm nâu, đồng thời bảo vệ da khỏi tác hại của tia UV\r\nTHÀNH PHẦN:\r\n\r\nAmino acid, Arbutin, Vitamin C, B3, HA, nano HA, Water, Glycerin, Sodium Cocoyl Glycinate, Butylene Glycol, Hydroxypropyl Starch Phosphate, Cocamidopropyl Betaine, PEG-20M, Lauryl Glucoside, Sodium Lauroyl Aspartate, Potassium Cocoyl Glycinate, Sodium Stearoyl Glutamate, Glyceryl Stearate, Arbutin, Niacinamide, Magnesium Ascorbyl Phosphate, Sodium Hyaluronate, Hydrolyzed Hyaluronic Acid, Algae Extract, Acanthopanax Senticosus (Eleuthero) Root Extract, Lentinus Edodes (Shiitake Mushroom) Extract, Ganoderma Lucidum (Reishi Mushroom) Stem Extract, Ginkgo Biloba Leaf Extract, Morus Nigra (Black Mulberry) Leaf Extract, Cynara Scolymus (Artichoke) Leaf Extract, Cananga Odorata (Ylang Ylang) Flower Oil, Propylene Glycol, Sorbitol, Hydroxypropyltrimonium Hyaluronate, Hydroxypropyl Methylcellulose, Polyquaternium-7, Polyquaternium-52, PEG-32, BHT, Disodium EDTA, Citric Acid, Lauric Acid, Stearic Acid, Methylparaben, Propylparaben', 0, '2024-11-21 01:14:53'),
(7, 'Hadalabo Dung dịch dưỡng ẩm Advanced Nourish Hyaluronic Acid Lotion For Oil Skin 170ml', 'Dung dịch dưỡng ẩm Hada Labo Advanced Nourish Hyaluronic Acid Lotion For Oil Skin có khả năng thấm sâu vào da, bổ sung lượng nước cần thiết cho lớp biều bì để khắc phục tình trạng mất nước', 2, 3, 176800, 'nuoc-hoa-hong-hada-labo-gokujyun-hyaluronic-acid-lotion.webp', 'Dung dịch dưỡng ẩm Hada Labo Advanced Nourish Hyaluronic Acid Lotion For Oil Skin có khả năng thấm sâu vào da, bổ sung lượng nước cần thiết cho lớp biều bì để khắc phục tình trạng mất nước, tăng cường độ ẩm, độ đàn hồi, hỗ trợ trẻ hóa làn da, giúp da trở nên mềm mại, mịn màng hơn. \r\nLoại da phù hợp:\r\n\r\nDa dầu và da hỗn hợp thiên dầu.\r\nGiải pháp tình trạng:\r\n\r\nDa thiếu ẩm - thiếu nước.\r\nCông dụng:\r\n\r\nHyaluronic Acid lên men tự nhiên (Fermented HA) giúp giảm tình trạng mất nước, củng cố màng ẩm tự nhiên bảo vệ da.\r\nKết hợp hệ dưỡng ẩm sâu HA đặc trưng (HA, Super HA, Nano HA) giúp cung cấp độ ẩm tối ưu, duy trì làn da ẩm mượt suốt 12 giờ.\r\nKhông Paraben, không cồn, không hương liệu, không chất tạo màu, không dầu khoáng, pH cân bằng. \r\nCung cấp độ ẩm tối ưu duy trì làn da ẩm mượt suốt 12 giờ\r\nGiảm tình trạng mất nước củng cố màng ẩm tự nhiên bảo vệ da.\r\nDung dịch mỏng nhẹ, thấm nhanh, không nhờn rít.\r\n', 0, '2024-11-21 01:14:53'),
(8, 'Nước Tẩy Trang Hada Labo Sạch Sâu Dưỡng Sáng 240ml\r\nMicellar Water Whitening', 'Nước Tẩy Trang Hada Labo Sạch Sâu là sản phẩm tẩy trang mặt đến từ thương hiệu mỹ phẩm Hada Labo của Nhật Bản, thành phần an toàn lành tính', 2, 1, 108000, 'nuoc-tay-trang-hada-labo-sach-sau-duong-sang-240ml-2-1663145316_img_680x680_d30c8d_fit_center.jpg', 'Nước Tẩy Trang Hada Labo Sạch Sâu là sản phẩm tẩy trang mặt đến từ thương hiệu mỹ phẩm Hada Labo của Nhật Bản, thành phần an toàn lành tính cho mọi làn da giúp làm sạch sâu, loại bỏ cả các lớp trang điểm lâu trôi, kem chống nắng, bụi mịn PM2.5 đồng thời bổ sung độ ẩm và dưỡng da sáng mịn, đều màu.\r\n\r\nHiện sản phẩm Nước Tẩy Trang Hada Labo Sạch Sâu đã có mặt tại Hasaki với 3 loại: \r\n\r\nDưỡng sáng (240ml)\r\n\r\nDưỡng ẩm (40ml; 240ml)\r\n\r\nNgăn ngừa mụn (240ml)\r\n\r\nThông tin sản phẩm:\r\n1. Nước Tẩy Trang Hada Labo Sạch Sâu Dưỡng Sáng\r\nNước Tẩy Trang Hada Labo Micellar Water Whitening nhẹ nhàng làm sạch sâu 99% lớp trang điểm lâu trôi, kem chống nắng, bụi mịn PM2.5, hỗ trợ dưỡng sáng, làm đều màu da và tăng cường độ ẩm cho da.\r\nThành phần sản phẩm\r\n1. Nước Tẩy Trang Hada Labo Sạch Sâu Dưỡng Sáng 240ml\r\nThành phần chính:\r\n\r\nCông nghệ Micelle Complex: nhẹ nhàng làm sạch sâu 99% lớp trang điểm lâu trôi, kem chống nắng và bụi mịn PM2.5.\r\n\r\nChiết xuất mật ong lên men: giúp giảm hắc sắc tố melanin, cải thiện đốm nâu và làm sáng da.\r\n\r\nHệ Vitamin (B3, C, E): giúp tăng cường khả năng chống oxy hóa, dưỡng sáng, cải thiện và làm đều màu da.\r\n\r\nHệ dưỡng ẩm sâu HA (HA, Super HA, Nano HA): với tỉ lệ kết hợp hoàn hảo giúp cung cấp độ ẩm tối ưu, tăng cường độ đàn hồi, duy trì độ ẩm cho da.\r\n\r\nThành phần chi tiết:\r\n\r\nWater, Dipropylene Glycol, Poloxamer 184, Pentylene Glycol, PEG-8 Caprylic/Capric Glycerides, Sodium Dilauramidoglutamide Lysine, Hydrolyzed Hyaluronic Acid (Nano HA), Sodium Acetylated Hyaluronate (Super HA), Sodium Hyaluronate (HA), Alteromonas Ferment Extract, 4-Terpineol, Magnesium Ascorbyl Phosphate, Niacinamide, Tocopheryl Acetate, Gluconobacter/Honey Ferment Filtrate (Fermented Honey), Butylene Glycol, Disodium Succinate, Succinic Acid, Disodium EDTA, Phenoxyethanol.\r\n\r\n2. Nước Tẩy Trang Hada Labo Sạch Sâu Dưỡng Ẩm 240ml\r\nThành phần chính:\r\n\r\nCông nghệMicelle Complex: nhẹ nhàng làm sạch sâu 99% lớp trang điểm lâu trôi, kem chống nắng và bụi mịn PM2.5.\r\n\r\nHA lên men tự nhiên: giúp giảm tình trạng mất nước, củng cố màng ẩm tự nhiên bảo vệ da.\r\n\r\nHệ dưỡng ẩm sâu HA (HA, Super HA, Nano HA): với tỉ lệ kết hợp hoàn hảo giúp cung cấp độ ẩm tối ưu, tăng cường độ đàn hồi, duy trì và tăng cường độ ẩm da đến 1.5 lần.\r\n\r\nThành phần chi tiết:\r\n\r\nWater, Dipropylene Glycol, Pentylene Glycol, Poloxamer 184, PEG-8 Caprylic/Capric Glycerides, Sodium Dilauramidoglutamide Lysine, Hydrolyzed Hyaluronic Acid (Nano HA), Sodium Acetylated Hyaluronate (Super HA), Sodium Hyaluronate (HA), Alteromonas Ferment Extract, Lactococcus/Hyaluronic Acid Ferment Filtrate (Fermented HA), Eucalyptus Oil, Butylene Glycol, Disodium Succinate, Succinic Acid, Disodium EDTA, Phenoxyethanol.\r\n\r\n3. Nước Tẩy Trang Hada Labo Sạch Sâu Cho Da Mụn, Nhạy Cảm 240ml\r\nThành phần chính:\r\n\r\nCông nghệ Micelle Complex nhẹ nhàng làm sạch sâu 99% lớp trang điểm lâu trôi, kem chống nắng và bụi mịn PM2.5.\r\n\r\nCông nghệ Microbiome giúp cải thiện hàng rào vi sinh có lợi và bảo vệ da trước tác nhân gây mụn.\r\n\r\nHệ thực vật (Chiết xuất Diếp cá, Ý Dĩ, Cúc La Mã) giúp giảm dầu thừa, cải thiện và ngừa mụn hiệu quả.\r\n\r\nDipotassium Glycyrrhizate kháng khuẩn, làm dịu da tức thì.\r\n\r\nHệ dưỡng ẩm 3X HA (HA, Super HA, Nano HA) cung cấp độ ẩm tối ưu, làm giảm tình trạng mất nước và tăng cường độ ẩm cho da.\r\n\r\nThành phần chi tiết:\r\n\r\nWater, Butylene Glycol, Glycerin, Poloxamer 184, Pentylene Glycol, PEG-8 Caprylic/Capric Glycerides, Dipotassium Glycyrrhizate, Tranexamic Acid, Hydrolyzed Sodium Hyaluronate (Nano HA), Sodium Hyaluronate (HA), Sodium Acetylated Hyaluronate (Super HA), Coix Lacryma-Jobi Ma-yuen Seed Extract, Chamomilla Recutita (Matricaria) Flower Extract, Houttuynia Cordata Extract, Dihydroxypropyl Arginine HCl, Alteromonas Ferment Extract, Sodium Dilauramidoglutamide Lysine, Camphor, Propylene Glycol, Succinic Acid, Disodium Succinate, Disodium EDTA, Phenoxyethanol.\r\n\r\nHướng dẫn sử dụng\r\nLắc đều, thấm một lượng vừa đủ ra bông tẩy trang.\r\n\r\nNhẹ nhàng lau sạch mặt, cổ, vùng da quanh mắt và môi theo chuyển động tròn.\r\n\r\nKhông cần rửa lại với nước.', 0, '2024-11-21 01:16:39'),
(9, 'Serum Hada Labo Cấp Ẩm Tối Ưu, Phục Hồi Da 30ml\r\nAdvanced Nourish Hyaluronic Acid Serum', 'Serum Hada Labo Advanced Nourish Hyaluronic Acid Serum Cấp Ẩm Tối Ưu, Phục Hồi Da 30ml là sản phẩm tinh chất đến từ thương hiệu Hada Labo - Nhật Bản.', 2, 4, 234000, 'download.jpg', 'Serum Hada Labo Advanced Nourish Hyaluronic Acid Serum Cấp Ẩm Tối Ưu, Phục Hồi Da 30ml là sản phẩm tinh chất đến từ thương hiệu Hada Labo - Nhật Bản. Sản phẩm chứa 2% hệ 7 loại HA (HA, Super HA, Nano HA, Fermented HA, Binding HA, Penetrating HA, 3D HA) và 12 loại Amino Acid giúp nuôi dưỡng làn da ẩm mượt suốt 48H, đồng thời cải thiện nếp nhăn, kháng viêm, làm dịu da hiệu quả.Thành phần sản phẩm\r\nThành phần chính:\r\n\r\n2% HA - Hệ 7 Loại Hyaluronic Acid Ha, Super Ha, Nano Ha, Fermented Ha, 3D Ha, Binding Ha, Penetrating Ha:\r\n\r\nCấp ẩm ở các tầng da, giúp da ẩm mượt tức thì suốt 48 giờ.\r\n\r\nLàm mờ và cải thiện nếp nhăn rõ rệt.\r\n\r\nNgậm nước và làm đầy làn da trở nên căng mọng và săn chắc.\r\n\r\n12 Loại Amino Acid Vitamin B5 & Allantoin: \r\n\r\nCủng cố và cải thiện màng ẩm tự nhiên của da.\r\n\r\nLàm mềm và tái tạo làn da thô ráp.\r\n\r\nKháng viêm, làm dịu kích ứng và phục hồi làn da bị tổn thương.\r\n\r\nCông nghệ Max Intensifier giúp khả năng thẩm sâu dưỡng chất nhanh gấp 2 lần.\r\nHướng dẫn sử dụng\r\nSử dụng sau bước rửa mặt sạch và dưỡng da với lotion.\r\n\r\nCho 2-3 giọt tinh chất lên da, thoa đều, vỗ nhẹ đến khi thấm hết vào da.', 0, '2024-11-21 01:20:09'),
(10, 'Mặt Nạ Hada Labo Dưỡng Sáng Và Dưỡng Ẩm 20 Miếng\r\nKoi-Gokujyun White Perfect Mask', 'Mặt Nạ Hada Labo Dưỡng Sáng Và Dưỡng Ẩm 20 Miếng', 2, 5, 281000, 'google-shopping-mat-na-hada-labo-duong-sang-va-duong-am-20-mieng-1668587003_img_680x680_d30c8d_fit_center.jpg', 'Mặt Nạ Hada Labo Dưỡng Sáng Và Dưỡng Ẩm 20 Miếng là sản phẩm mặt nạ nội địa Nhật đến từ thương hiệu mỹ phẩm Hada Labo, với thành phần chính chứa Vitamin C, E và Hyaluronic Acid có công dụng dưỡng sáng chuyên sâu, đem lại làn da căng mọng, mềm mại. Bạn có thể hoàn thành các bước dưỡng da chỉ trong 1 bước, mặt nạ thay thế lotion, tinh chất, sữa dưỡng và kem dưỡng, chăm sóc làn da toàn diện.Thành phần sản phẩm\r\nThành phần chính: \r\n\r\nHyaluronic Acid và Nano Hyaluronic Acid: \r\nHA: Ngậm hàng triệu phân tử nước giúp cung cấp độ ẩm cho da.\r\n\r\nNANO HA: Có kích thước phân tử cực nhỏ, len lỏi và dưỡng ẩm cho lớp tế bào da sâu nhất.\r\n\r\nDẫn xuất Vitamin C và Vitamin E: giúp dưỡng sáng vùng da tối màu và dưỡng da sáng mịn.\r\n\r\nHướng dẫn sử dụng\r\nLàm sạch da với kem rửa mặt và làm mềm da với lotion.\r\n\r\nĐắp mặt nạ lên mặt, điều chỉnh sao cho mặt nạ tiếp xúc đều khắp mặt. Hoàn toàn thư giãn trong 10 phút.\r\n\r\nLấy mặt nạ ra. Nhẹ nhàng mát-xa khắp mặt và vùng cổ để dưỡng chất thấm sâu.\r\n\r\nThực hiện các bước dưỡng da tiếp theo mà có thể không cần rửa lại với nước.\r\n\r\nCó thể thay thế hoàn toàn các bước dưỡng thông thường như lotion, tinh chất, sữa dưỡng, kem dưỡng vào buổi sáng.', 0, '2024-11-21 01:20:09'),
(11, 'Mặt Nạ Dưỡng Trắng Hada Labo (7 miếng)', '', 2, 5, 135000, '91905c76182608b9cc3bd78a9c1db35e.jpg', '– Xuất xứ: Nhật Bản\r\n\r\n– Trong lượng: 1 Bịch x 7 miếng\r\n\r\n– Thành phần:\r\n\r\nArbutin, Vit E, Nano HA, Hatomugi\r\n\r\n– Đặc tính, công dụng:\r\n\r\n+ Arbutin và vitamin E là hai chất dưỡng trắng mà mình rất yêu thích vì sự an toàn và hiệu quả. Giúp ức chế sự hình thành và phân tán hắc tố melanin – nguyên nhân gây nám, tàn nhang, đốm nâu. Mang lại làn da đều và sáng màu hơn, đồng thời bảo vệ da khỏi tác hại của tia UV từ ánh nắng mặt trời.\r\n\r\n+ Nano HA có kích thước chỉ bằng 1/20 HA vì thế có thể len lỏi vào sâu trong da, giúp cung cấp độ ẩm, hỗ trợ tái tạo cấu trúc đàn hồi. Mang lại làn da ẩm mượt, sáng mịn.\r\n\r\n+ Hatomugi (hạt ý dĩ) giúp cấp ẩm cho làn da luôn mềm mịn suốt cả ngày dài.\r\n\r\n– Hướng dẫn sử dụng:\r\n\r\n+ Bước 1: Làm sạch da.\r\n\r\n+ Bước 2: Mở miếng mặt nạ, đắp lên vùng mặt khoảng 15-20 phút.\r\n\r\n+ Bước 3: Tháo mặt nạ, dùng tay vỗ nhẹ để dưỡng chất hấp thụ vào da.\r\n\r\n+ Dùng 2-3 lần/ tuần.', 0, '2024-11-21 01:22:49'),
(12, 'Hadalabo Tinh chất Pro-Aging Retinol B3 Serum 30ml', '', 2, 4, 342000, 'vn-11134207-7r98o-lyd646b6ru01e2_13d03e38d3954e1d850af35c05d14863_1024x1024.webp', 'Hadalabo Tinh chất Pro-Aging Retinol B3 Serum 30ml giúp cải thiện những làn da bị lão hóa, mang lại sự tươi trẻ và săn chắc sau 7 ngày sử dụng.Loại da phù hợp:\r\n\r\nPhù hợp với mọi loại da.\r\nCông dụng:\r\n\r\nGiảm nếp nhăn và da săn chắc sau 7 ngày\r\nCấp ẩm chuyên sâu gấp 1.6 lần, giảm khô ráp tức thì cho da ẩm mịn\r\nDưỡng sáng vùng da sạm màu, cải thiện độ đàn hồi cho da trông tươi trẻ\r\nKhông cồn, không Paraben, không hương liệu, không chất tạo màu, không dầu khoáng\r\nDưỡng chất thấm sâu, hạn chế tối đa kích ứng\r\nHàm lượng cao dưỡng chất gồm Retinol, 5% Niacinamide, Collagen kết hợp hệ 3X HA, 3X Ceramide & Dầu hạt Chia giúp mờ nếp nhăn, cải thiện các dấu hiệu lão hóa cho da trông tươi trẻ', 0, '2024-11-21 01:22:49'),
(13, 'Serum Innisfree Tinh Chất Dưỡng Ẩm Sâu, Phục Hồi Da Mụn Innisfree Green Tea Seed Hyaluronic Serum', '', 3, 4, 359000, '16897614286321_1acc736dde7742daa890a9fa5eee92bd_1024x1024.webp', 'Chi tiết sản phẩm\r\nTên sản phẩm: Serum Innisfre Tinh Chất Dưỡng Ẩm Sâu, Phục Hồi Da Mụn Innisfree Green Tea Seed Hyaluronic Serum\r\n\r\nKết cấu: Dạng lỏng\r\n\r\nDung tích: 80ml\r\n\r\nThương hiệu: Innisfree (Hàn Quốc)\r\n\r\nNơi sản xuất: Hàn Quốc\r\n\r\nHạn sử dụng: 36 tháng kể từ ngày sản xuất in trên bao bì - 12 tháng kể từ khi mở nắp\r\n\r\n1. Thông tin sản phẩm\r\nSerum Innisfre Tinh Chất Dưỡng Ẩm Sâu, Phục Hồi Da Mụn Innisfree Green Tea Seed Hyaluronic Serum là tinh chất dưỡng da thuộc thương hiệu Innisfree, thích hợp cho da bị kích ứng với ô nhiễm môi trường, da có mụn. Có khả năng làm sạch sâu, tái tạo mới làn da, làm sáng da, ngăn ngừa mụn hiệu quả.\r\n2. Ưu điểm của Innisfree Green Tea Seed Hyaluronic Serum\r\nSerum Innisfree Tinh Chất Dưỡng Ẩm Sâu, Phục Hồi Da Mụn Innisfree Green Tea Seed Hyaluronic Serum hiện tại đã có mặt tại Thế Giới Skinfood có những đặc trưng nổi bật như sau:\r\n\r\nCung cấp dưỡng chất và độ ẩm cho da: Chiết xuất từ hạt trà xanh giúp cung cấp đầy đủ dưỡng chất, độ ẩm và giảm đáng kể các tổn thương do môi trường, ánh nắng mặt trời mà bạn phải tiếp xúc hàng ngày. Green Tea Probiotics (Green Tea Tri-biotics) chứa 5,5 tỷ lợi khuẩn tăng sức đề kháng và phục hồi hàng rào tự bảo vệ da\r\n\r\nDưỡng ẩm chuyên sâu: Chứa \"Nano HA dạng viên nang” của 5 loại HA tăng khả năng thẩm thấu & dưỡng ẩm chuyên sâu, giúp cấp nước tức thì cho da. \r\n\r\nGiảm nhờn và cải thiện tình trạng da: Giúp da thông thoáng lỗ chân lông, hạn chế tiết dầu, tiết bã nhờn, khắc phục được tình trạng sẹo mụn, mụn đỏ, và cả những vết khô, vảy da bong tróc sau 1 thời gian dùng đều đặn ngày và đêm.\r\n\r\nDưỡng chất thẩm thấu nhanh và cảm giác dễ chịu: Kết cấu dạng lỏng, màu hơi đục, có độ sáng nhẹ. Khi thoa lên da dưỡng chất nhanh chóng lan tỏa và thẩm thấu vào da không gây cảm giác nhờn rít, khó chịu. Hương thơm trà xanh thoang thoảng mang lại cảm giác rất dễ chịu.', 0, '2024-11-21 01:25:01'),
(14, 'Nước Tẩy Trang Innisfree Green Tea Cleansing Water', '', 3, 1, 280000, 'nuoc-tay-trang-innisfree-tra-xanh_1aca8217a58e4475b6a920f0a58dcab8.webp', 'Nước Tẩy trang Green Tea Pure Cleansing Water 300ml là dòng sản phẩm tẩy trang được sản xuất ngay tại cánh đồng trà xanh trên đảo Jeju, nơi có khí hậu vô cùng lý tưởng quanh năm. Ở đây, trà xanh được trồng, thu hoạch và thực hiện quy trình chiết xuất ngay tại trụ sở sản xuất của Innisfree trên đảo. Chính thành phần trà xanh có trong các sản phẩm đã làm nên thương hiệu của Innisfree. \r\n\r\n• Thương hiệu: Innisfree\r\n\r\n• Xuất xứ: Hàn Quốc\r\n\r\n• Trọng lượng: 300ml\r\n\r\n• Loại da: Phù hợp với mọi loại da, đặc biệt là da dầu có mụn.\r\n\r\nNước Tẩy trang Green Tea Cleansing Water là dòng tẩy trang dạng nước có chức năng rửa sạch các lớp trang điểm trên bề mặt da mà không gây tổn hại gì đến làn da. nước tẩy trang innisfree trà xanh làm sạch đối với cả những sản phẩm makeup chống trôi chống lem.\r\n\r\n- Tẩy trang trà xanh Innisfree có thiết kế chai nhựa rất chắc chắn với dung tích 300ml. Bên ngoài của vỏ chai có màu xanh lá nhạt đặc trưng của dòng trà xanh Innisfree mang lại cảm giác tươi mát và thoải mái. Chai nhựa có dáng đứng tròn nhìn lùn lùn rất dễ thương.\r\n\r\n- Đầu năm 2019 dòng Innisfree đã thay đổi toàn bộ bao bì của các sản phẩm thuộc dòng Green Tea. Do đó các bạn có thể rất dễ bắt gặp 2 thiết kế khác nhau trên thị trường. Để dễ phân biệt hơn, các bạn có thể mình màu sắc bên ngoài của 2 em này. Dòng sản phẩm cũ có màu sắc đậm hơn, trong khi đó dòng mới có màu nhạt hơn và nắp màu trắng.\r\n\r\n- Điểm đặc biệt của em nước tẩy trang nằm ở thiết kế vòi bơm. Phần nắp cũng khá mới lạ chưa từng bắt gặp ở các hãng khác khiến chị em vô cùng thích thú. Với thiết kế này chỉ cần với một tay bạn cũng có thể dễ dàng lấy sản phẩm. Công dụng của tẩy trang Innisfree Green Tea Cleasing Water có thực sự tốt không ?\r\n– Có chứa nước trà xanh tươi nguyên chất giàu acid amin và các khoáng chất giúp cho làn da không bị khô và mất nước\r\n\r\n– Tẩy đi các lớp makeup và bụi bẩn trên làn da bao gồm: kem nền, BB cream, chì kẻ mắt, son môi, phấn, màu mắt, kem chống nắng…\r\n\r\n– Không gây kích ứng và tổn hại tới làn da.\r\n\r\n– Chứa thành phần acid amin giàu chất dưỡng ẩm không làm khô da như các loại nước tẩy trang khác.\r\n\r\n– Không làm cho làn da của bạn bị mất độ ẩm tự nhiên.\r\n\r\nThành phần đặc biệt của nước tẩy trang Innisfree Green Tea Cleasing Water :\r\n- Các sản phẩm nhà Innisfree luôn khiến các chị em thích thú vì các thành phần tự nhiên có trong sản phẩm. Nước tẩy trang trà xanh này cũng không ngoại lệ với nhiều thành phần chiết xuất từ thiên nhiên lành tính, an toàn cho làn da. Một số thành phần đặc biệt của nước tẩy trang trà xanh Innisfree như:\r\n\r\n- Camellia Sinensis Leaf Extract (chiết xuất từ lá trà xanh), Camellia Japonica Leaf Extract (chiết xuất từ lá trà trắng Nhật Bản): Đứng ngay ở đầu bảng thành phần, chứng tỏ hàm lượng trà xanh trong sản phẩm chiếm phần lớn. Trà xanh là chất chống oxy hóa vô cùng tuyệt vời, giúp loại bỏ các gốc tự do có hại, bảo vệ làn da khỏi tác động của ánh nắng mặt trời, dưỡng ẩm và làm dịu làn da vô cùng tốt.\r\n\r\n- Hamamelis Virginiana (Witch Hazel) Leaf Extract (chiết xuất từ lá cây phỉ): Đây là thành phần được sử dụng phổ biến trong các sản phẩm dành cho da dầu mụn với công dụng kháng khuẩn, kháng viêm, kiểm soát dầu nhờn của làn da vô cùng hiệu quả.\r\n\r\n- Citrus Paradisi (Grapefruit) Fruit Extract (chiết xuất từ quả nho), Opuntia Coccinellifera Fruit Extract (chiết xuất từ quả thuộc họ xương rồng): đây những thành phần chống lão hóa cực kỳ tốt, giúp dưỡng da mềm mại, căng mướt và tươi trẻ.\r\n\r\n- Citrus Aurantium Bergamia (Bergamot) Fruit Extract, Citrus Aurantium Dulcis (Orange) Fruit Extract, Citrus Tangerina (Tangerine) Extract, Citrus Unshiu Peel Extract: Các thành phần chiết xuất từ các loài quả thuộc họ cam, chanh với hàm lượng chất chống oxy hóa cực kỳ cao. Những thành phần này giúp dưỡng trắng, mờ thâm, dưỡng da mịn màng, tươi sáng và đều màu.\r\n\r\n- Orchid Extract (chiết xuất từ phong lan Jeju): một thành phần thường xuyên được xuất hiện trong các sản phẩm của nhà Innisfree, có tác dụng chống lão hóa và cung cấp độ ẩm cho làn da của bạn.\r\n\r\nCách sử dụng nước tẩy trang Innisfree Green Tea Cleasing Water hiệu quả :\r\n- Bước 1: Bạn đặt miếng bông tẩy trang lên nắp chai.\r\n\r\n- Bước 2: Ấn nhẹ nhàng miếng bông vài lần xuống nắp chai để lấy đủ sản phẩm.\r\n\r\n- Bước 3: Dùng bông tẩy trang lên mặt để loại bỏ các bụi bẩn và dầu nhờn.\r\n\r\n- Bước 4: Rửa sạch mặt với sữa rửa mặt innisfree trà xanh (áp dụng cho chu trình dưỡng da vào cuối ngày).\r\n\r\n- Bước 5: Hoàn thành các bước dưỡng da còn lại trong chu trình chăm sóc da của bạn.\r\n\r\nLưu ý:\r\n\r\n- Thực hiện các bước lau thật nhẹ nhàng để tránh gây tổn thương cho làn da. Bên cạnh đó, bạn cần sử dụng bông tẩy trang chất lượng tốt và mềm mại cho làn da nhé!\r\n\r\n- Khi miếng bông đã bẩn và chuyển màu thì bạn sử dụng miếng bông khác đến khi nào miếng bông không còn dơ thì mới dừng tẩy trang. Nếu tẩy trang không kỹ thì  các bụi bẩn, dầu nhờn vẫn còn trong các lỗ chân lông, sẽ gây ra nhiều vấn đề về da.\r\n\r\n- Hãng cho biết rằng với những bạn có làn da nhạy cảm mới cần rửa sạch lại với nước sau khi tẩy trang. Tuy nhiên, mình khuyến khích các bạn rửa sạch lại với nước dù bạn có bất kì loại da nào. Vì sau khi tẩy trang, da vẫn có độ ẩm, độ dính nhất định, rửa sạch với nước sẽ giúp bạn thoải mái hơn.', 0, '2024-11-21 01:27:42'),
(15, 'Innisfree Green Tea Cleansing Foam 150ml', '', 3, 2, 188000, 'z4504135031139_408fbb1158812c79b143667753d5b900-1.jpg', 'Sữa rửa mặt trà xanh Innisfree Green Tea Cleansing Foam 150ml\r\nSữa rửa mặt trà xanh Innisfree giúp làm sạch tạp chất bên trong lỗ chân lông và cặn trang điểm, vừa giúp dưỡng ẩm nhờ trà xanh kết hợp rễ trà giàu saponin để hạn chế tình trạng khô da sau khi rửa mặt\r\n\r\nVề thương hiệu\r\nInnisfree thuộc tập đoàn Amore Pacific Hàn Quốc (đồng sở hữu các thương hiệu Sulwhasoo, Laneige, Mamonde, Etude house…) là thương hiệu mỹ phẩm theo chủ nghĩa tự nhiên,  nhằm mục đích chia sẻ lợi ích từ thiên nhiên tinh khiết và hướng tới vẻ đẹp khỏe mạnh thực sự.\r\n\r\nSữa rửa mặt Innisfree Green Tea là sản phẩm bán chạy nhất của hãng, sau 5 năm ra mắt, tính đến năm 2020, đã có hơn 32 triệu chai sữa rửa mặt Green tea foam cleanser được bán ra thị trường và trở thành sữa rửa mặt trà xanh quốc dân. \r\nMô tả sản phẩm\r\nThành phần:\r\nWater / Aqua / Eau, Glycerin, Myristic Acid, Stearic Acid, Peg-32, Potassium Hydroxide, Palmitic Acid, Lauric Acid, Lauryl Glucoside, Propanediol, Glyceryl Stearate, Peg-100 Stearate, Fragrance / Parfum, Polyquaternium-7, 1,2-Hexanediol, Disodium Edta, Sodium Benzoate, Ethylhexylglycerin, Camellia Sinensis Leaf Water, Camellia Sinensis Leaf Extract, Butylene Glycol, Lactic Acid, Alcohol, Camellia Sinensis Root Extract, Phenoxyethanol\r\n\r\nCông dụng:\r\nTrà xanh dưỡng da Beauty Green Tea giàu độ ẩm, chứa tới 16 loại acid khác nhau, đậm đặc gấp 3.5 lần so với trà xanh thông thường cùng hoạt chất saponin giúp vừa làm sạch vừa dưỡng ẩm đồng thời. \r\nNước trà xanh tươi Green Tea Water 2.0™ được cải tiến nhờ công nghệ Dual-Moisture-Rising™ để lưu giữ dưỡng chất trọn vẹn của lá trà\r\nRễ trà giàu saponin giúp hạn chế tình trạng khô da sau khi rửa mặt.', 0, '2024-11-21 01:27:42'),
(16, 'Mặt Nạ Innisfree Super Volcanic Pore Clay Mask 100ml', '', 3, 5, 289000, '5-20.png', 'Mặt Nạ Innisfree Super Volcanic Pore Clay Mask 100ml nhập khẩu từ Innisfree Việt Nam. Đảm bảo 100% về nguồn gốc và chất lượng từng sản phẩm đến tay khách hàng.\r\n\r\nMặt Nạ Innisfree Super Volcanic Pore Clay Mask 100ml được biết đến với chiết xuất tro núi lửa Jeju có khả năng thấm hút dầu hiệu quả gấp hai lần đem tới công dụng 10 trong 1 chăm sóc chuyên sâu các vấn đề về lỗ chân lông. Giúp loại bỏ hoàn toàn tế bào chết, mang lại làn da mềm mại mịn màng, đồng thời khả năng làm sạch sâu hiệu quả hơn giúp nhanh chóng loại bỏ các hạt bụi siêu mịn ra khỏi lỗ chân lông và chăm sóc vùng da bị mụn.\r\nThiết Kế: Dạng hũ nhỏ gọn, tiện lợi.\r\n\r\nLoại da: Da dầu, Da hỗn hợp dầu.\r\n\r\nTình trạng da phù hợp:\r\n\r\nDa dầu mụn, lỗ chân lông to.Thành Phần:\r\n\r\nĐá tro núi lửa Jeju Volcanic Cluster Sphere™:  Giúp làm sạch bã nhờn, lỗ chân lông, dầu thừa, tế bào chết và các loại tạp chất khác trên da, hỗ trợ cải thiện vấn đề lỗ chân lông và kiểm soát dầu, giúp da trở nên sáng hơn.\r\nAHA: Giúp loại bỏ tế bào da chết trên bề mặt da, làm cho da trở nên mềm mịn và sáng hơn.\r\nBột vỏ quả óc chó: tăng cường loại bỏ tế bào da chết và bã nhờn dư thừa, giúp da trở nên sáng hơn, mịn màng và sạch sẽ.\r\nƯu Điểm Nổi Bật: \r\n\r\nGiúp loại bỏ dầu thừa, bụi bẩn, tế bào chết trên da và làm sạch sâu lỗ chân lông, bã nhờn, bụi bẩn cho da thông thoáng hơn.\r\nHỗ trợ se khít lỗ chân lông, kiểm soát bã nhờn, cải thiện bề mặt da, làm sạch bụi mịn, mụn đầu đen, làm sáng và săn chắc da hơHướng Dẫn Sử Dụng: Rửa sạch mặt bằng SRM và đắp trên da trong 10 – 15 phút, sau đó massage để thông thoáng lỗ chân lông. Rửa kỹ với nước.\r\n\r\n!!!LƯU Ý: Nên tránh vùng da quanh mắt. Tuần dùng 2 lần.', 0, '2024-11-21 01:30:55'),
(17, 'Mặt Nạ Miếng Chiết Xuất Từ Thiên Nhiên Innisfree My Real Squeeze Mask Ex', '', 3, 5, 19000, 'Mat-Na-Mieng-Chiet-Xuat-Tu-Thien-Nhien-Innisfree-My-Real-Squeeze-Mask-Ex.jpg', 'Innisfree It’s Real Squeeze Mask là dòng mặt nạ được sản xuất bởi thương hiệu mỹ phẩm Innisfree tại Hàn Quốc. Sản phẩm này có chiết xuất từ các thành phần đến từ tự nhiên cùng với 3 mức độ kết cấu khác nhau nhằm mang lại hiệu quả dưỡng da tuyệt vời mà an toàn cho người sử dụng.\r\n\r\nHiện tại sản phẩm đã có tại shop mỹ phẩm Lá Skin.Thành phần\r\nThành phần mặt nạ Innisfree It’s Real Squeeze Mask\r\nMặt Nạ Giấy innisfree Chiết Xuất Nha Đam My Real Squeeze Mask – Aloe: \r\n\r\nwater / aqua / eau, dipropylene glycol, betaine, aloe barbadensis leaf juice, dimethicone, 1,2-hexanediol, peg-60 hydrogenated castor oil, butylene glycol, glyceryl caprylate, xanthan gum, glycerin, carbomer, centella asiatica extract, ethylhexylglycerin, potassium hydroxide, hydrogenated lecithin, paeonia suffruticosa root extract, disodium edta, sodium palmitoyl sarcosinate, chamomilla recutita (matricaria) flower extract, fragrance / parfum, alcohol, sodium hyaluronate\r\nMặt Nạ Giấy innisfree Chiết Xuất Từ Trà Xanh My Real Squeeze Mask – Green Tea: \r\n\r\n water / aqua / eau, glycerin, butylene glycol, camellia sinensis leaf extract, xanthan gum, dipropylene glycol, 1,2-hexanediol, chamomilla recutita (matricaria) flower extract, peg-60 hydrogenated castor oil, centella asiatica extract, ethylhexylglycerin, betaine, paeonia suffruticosa root extract, dipotassium glycy rrhizate, glyceryl caprylate, fragrance / parfum, disodium edta, aloe barbadensis leaf juice, sodium hyaluronate\r\nMặt Nạ Giấy innisfree Chiết Xuất Từ Hoa Hồng My Real Squeeze Mask – Green Tea: \r\n\r\n water / aqua / eau, dipropylene glycol, betaine, panthenol, xanthan gum, butylene glycol, 1,2-hexanediol, peg-60 hydrogenated castor oil, rosa centifolia flower juice, glyceryl caprylate, niacinamide, allantoin, centella asiatica extract, ethylhexylglycerin, dipotassium glycyrrhizate, chamomilla recutita (matricaria) flower extract, disodium edta, glycerin, fragrance / parfum, pantolactone, paeonia suffruticosa root extract, sodium hyaluronate\r\nMặt Nạ Giấy innisfree Chiết Xuất Từ Hoa Hồng My Real Squeeze Mask – Rose: \r\n\r\n water / aqua / eau, dipropylene glycol, glycerin, alcohol, centella asiatica extract, betaine, dimethicone, 1,2-hexanediol, peg-60 hydrogenated castor oil, glyceryl caprylate, xanthan gum, carbomer, butylene glycol, hydrogenated lecithin, ethylhexylglycerin, potassium hydroxide, chamomilla recutita (matricaria) flower extract, disodium edta, sodium palmitoyl sarcosinate, fragrance / parfum, honey extract / mel extract / extrait de miel, paeonia suffruticosa root extract, aloe barbadensis leaf juice, sodium hyaluronate\r\nMặt Nạ Giấy innisfree Chiết Xuất Từ Quả Lựu My Real Squeeze Mask – Pomegranate: \r\n\r\nwater / aqua / eau, glycerin, alcohol, betaine, butylene glycol, panthenol, 1,2-hexanediol, dipropylene glycol, dimethicone, peg-60 hydrogenated castor oil, glyceryl caprylate, xanthan gum, carbomer, chamomilla recutita (matricaria) flower extract, centella asiatica extract, adenosine, pantolactone, hydrogenated lecithin, ethylhexylglycerin, potassium hydroxide, punica granatum fruit juice, paeonia suffruticosa root extract, sodium palmitoyl sarcosinate, disodium edta, fragrance / parfum, sodium hyaluronate.\r\nMặt Nạ Giấy innisfree Chiết Xuất Từ Quả Mọng My Real Squeeze Mask – Acai Berry: \r\n\r\nwater / aqua / eau, glycerin, aloe barbadensis leaf juice, cetyl ethylhexanoate, dimethicone, polyglyceryl-3 methylglucose distearate, euterpe oleracea fruit extract, caprylic/capric triglyceride, glyceryl stearate, peg-100 stearate, butylene glycol, carbomer, tromethamine, 1,2-hexanediol, glyceryl caprylate, xanthan gum, ethylhexylglycerin, centella asiatica extract, fragrance / parfum, paeonia suffruticosa root extract, disodium edta, chamomilla recutita (matricaria) flower extract, sodium hyaluronate\r\nHướng dẫn sử dụng\r\nHướng dẫn sử dụng sản phẩm mặt nạ miếng Innisfree It’s Real Squeeze Mask\r\nDùng nước tẩy trang và sữa rửa mặt để loại bỏ đi hết những bụi bẩn trên khuôn mặt.\r\nSử dụng nước hoa hồng để cân bằng lại độ pH cho da\r\nLấy miếng mặt nạ Innisfree My Real Squeeze Mask và đắp lên vùng mặt, lấy hai tay ôm nhẹ để đảm bảo sản phẩm ôm khít vào da. Trong quá trình đắp mặt nạ có thể kết hợp với mát-xa nhằm làm tăng khả năng hấp thụ dưỡng chất\r\nSau khoảng 15-20 thì lấy mặt nạ và dùng các ngón tay xoa nhẹ để các tinh chất đều sẽ được thẩm thấu vào bên trong các tế bào biểu bì\r\nKhông cần phải rửa lại với nước\r\nSử dụng từ 2-3 tuần để mang lại hiệu quả sử dụng rõ rệt\r\nHướng dẫn bảo quản\r\nTránh bảo quản ở những nơi có ánh nắng mặt trời trực tiếp chiếu vào, nơi quá nóng hoặc quá ẩm ướt\r\nBảo quản sản phẩm ở những nơi khô ráo, thoáng mát, nhiệt độ ổn định\r\nTránh xa tầm với của trẻ em', 0, '2024-11-21 01:30:55'),
(18, 'Gel rửa mặt cà phê Đắk Lắk 310ml', '', 4, 2, 289000, '333949250_218918957258783_237695784715715204_n_7d2926b063.jpg', 'Với công thức dịu nhẹ không chứa sulfate, gel rửa mặt cà phê Đắk Lắk có khả năng làm sạch hiệu quả mà không gây khô da, mang lại cảm giác sảng khoái cùng một làn da tươi mới, sạch thoáng và trông tràn đầy sinh lực để bắt đầu một ngày mới.Thành phần chính\r\nDầu cà phê\r\nĐây là loại dầu hoạt tính được trích lý từ 100% bã cà phê Arabica, chúng có sự kết hợp độc đáo giữa axit palmitic và axit linoleic mang lại khả năng thẩm thấu tuyệt vời, từ đó hỗ trợ quá trình giữ nước cho da, tăng cường sức mạnh của hàng rào bảo vệ da, giúp da trở nên khoẻ khoắn, mềm mại và rạng rỡ hơn. Ngoài ra, trong dầu cà phê hoạt tính còn chứa Tocopherols (vitamin E tự nhiên) giúp tăng cường chống ôxi hóa bằng cách tạo ra Nrf2 và giảm sản sinh các gốc tự do.\r\n\r\nChiết xuất cà phê Đắk Lắk\r\nCó tác dụng chống oxi hóa cho làn da, đặc biệt hàm lượng caffeine cao trong hạt cà phê nguyên chất Đắk Lắk sẽ giúp da trở nên săn chắc, đều màu hơn. Mùi hương nồng nàn của chiết xuất cà phê giúp khơi dậy cảm giác tràn đầy năng lượng vào mỗi buổi sáng.\r\n\r\nCaffeine tinh khiết\r\nĐược biết đến là một chất giúp tăng cường năng lượng tự nhiên thường được tìm thấy nhiều nhất trong cà phê. Đối với làn da, caffeine giúp chống ôxi hoá, giúp cho da trông tươi sáng và căng bóng hơn.\r\n\r\nCác axit amin (amino acid)\r\nGồm Alanine, Arginine, Glycine, Histidine, Proline, Serine… Với kích thước phân tử nhỏ, có khả năng giữ nước, các axit amin dễ dàng thấm sâu, giúp duy trì độ ẩm, cải thiện kết cấu và khả năng phục hồi của da. Một số axit amin có khả năng chống oxy hóa, có thể kết hợp với các thành phần khác có tính năng phục hồi da trước những dấu hiệu lão hoá.', 0, '2024-11-21 01:35:28'),
(19, 'Nước dưỡng tóc tinh dầu bưởi 140ml', 'Sản phẩm treatment dành cho tóc, phù hợp với tình trạng tóc rụng, tóc yếu, tóc thưa mỏng.', 4, 4, 140000, 'cocoon-nuoc-duong-toc-tinh-dau-buoi-140ml-2-1688356296122.webp', 'Sản phẩm treatment dành cho tóc, phù hợp với tình trạng tóc rụng, tóc yếu, tóc thưa mỏng. Sản phẩm có thành phần từ tinh dầu bưởi Việt Nam truyền thống, Xylishine, Vitamin B5, Baicapil và Bisabolol. Nước dưỡng tóc tinh dầu bưởi giúp ngăn ngừa 60% nguyên nhân rụng tóc, làm gia tăng mật độ của tóc, từ đó giúp tóc dày lên trông thấy. Đồng thời, sản phẩm còn giúp nuôi dưỡng da đầu và cung cấp độ ẩm cho tóc.', 1, '2024-11-21 01:35:28'),
(20, 'Nước sen Hậu Giang Cocoon cân bằng da, thích hợp với da nhạy cảm', 'Nước sen Hậu Giang 140ml\r\n\r\nSen có mặt ở mọi miền tổ quốc, từ núi non đến đồng bằng, từ Ninh Bình đến Huế, từ Hậu Giang đến Đồng Tháp.', 4, 3, 195000, '30SRRG9A-Web_Avatar_Nuoc_Sen_140ml_copy_100_14377247e3.jpg', 'Nước sen Hậu Giang 140ml\r\n\r\nSen có mặt ở mọi miền tổ quốc, từ núi non đến đồng bằng, từ Ninh Bình đến Huế, từ Hậu Giang đến Đồng Tháp. Hữu duyên thay, Cocoon và những đoá sen ở miền đất Hậu Giang đã \"phải lòng nhau\" một cách rất tình cờ khi một lần được đặt chân đến một đầm sen nguyên sơ ở ấp Bàu Môn, xã Hòa An, huyện Phụng Hiệp, tỉnh Hậu Giang.\r\n\r\nChúng tôi đã đắm chìm trong vẻ đẹp của sen Hậu Giang, dành thời gian nghiên cứu và càng trở nên yêu mến vẻ đẹp tự nhiên độc đáo này. Mỗi năm, từ tháng 5 đến tháng 9, những nông dân tài ba tại đây đã tận tâm chăm sóc và thu hoạch sen bằng tay, tách rời cánh hoa, nhị hoa và đài hoa một cách tỉ mỉ, chắt chiu từng chút một. Tất cả nhằm đảm bảo dưỡng chất tinh tuý trong từng cánh sen mỏng manh sẽ được giữ trọn. Và những dưỡng chất quý giá ấy sẽ phát huy công dụng trong bộ sưu tập mới của Cocoon: Sen Hậu Giang - vẻ đẹp thầm lặng, bình dị nhưng đầy tính chữa lành từ thiên nhiên.\r\n\r\n🔰Lý tưởng cho\r\n\r\n✔️Da nhạy cảm tới rất nhạy cảm\r\n\r\n✔️Da thường tới da khô và da dầu mụn\r\n\r\n✔️Da bị mẩn đỏ và ngứa do khô ráp hoặc do thời tiết\r\n\r\n✔️Da tổn thương cần được phục hồi nhanh\r\n\r\n✔️Da treatment hoặc cần được phục hồi khi vừa trải qua liệu trình thẩm mỹ (xâm lấn hoặc không xâm lấn)\r\n\r\n✔️Phụ nữ mang thai\r\n\r\n🔰Công dụng\r\n\r\nBảo vệ hàng rào độ ẩmPhục hồi, cấp ẩm và làm dịu daCân bằng hệ vi sinh vật trên da\r\n\r\n🔰Kết cấu\r\n\r\nDạng nước có màu hồng nhạt tự nhiên của vitamin B12\r\n\r\n🔰Mùi hương\r\n\r\nSản phẩm gần như không mùi, chỉ thoang thoảng mùi rất nhẹ của chiết xuất hoa sen\r\n\r\n🔰Lưu ý\r\n\r\nChỉ dùng ngoài da\r\n\r\n🔰Xuất xứ\r\n\r\nViệt Nam', 1, '2024-11-21 01:37:59'),
(21, 'Mặt nạ nghệ Hưng Yên 30ml', 'Mặt nạ từ tinh bột nghệ giàu Curcuminoid kết hợp với Vitamin B3 và chiết xuất yến mạch rất phù hợp cho làn da xỉn màu và có nhiều vết thâm. Sau khi rửa đi lớp mặt nạ, bạn sẽ nhìn thấy một làn da tươi mới, sáng rạng rỡ và đều màu.', 4, 5, 145000, 'z3741702902215_49db1948b5dffb7694e872a09681ff7e_2b217c5fb7.jpg', 'Mặt nạ từ tinh bột nghệ giàu Curcuminoid kết hợp với Vitamin B3 và chiết xuất yến mạch rất phù hợp cho làn da xỉn màu và có nhiều vết thâm. Sau khi rửa đi lớp mặt nạ, bạn sẽ nhìn thấy một làn da tươi mới, sáng rạng rỡ và đều màu.Thành phần chính\r\nTinh bột nghệ\r\nTinh bột nghệ từ củ nghệ trồng ở Hưng Yên có làm lượng curcumin cao gấp 3 lần so với nghệ trồng ở các vùng khác. Curcumin là chất nổi bật trong nhóm curcuminoid giúp chống oxy hoá, bảo vệ tế bào da khỏi những gốc tự do, điều hoà việc hình thành melanin giúp da sáng khoẻ, đều màu và làm mờ vết thâm nhanh chóng.\r\n\r\nChiết xuất yến mạch\r\nNổi tiếng trong việc giảm kích ứng, kháng viêm mạnh mẽ và dưỡng ẩm cho làn da nhạy cảm.\r\n\r\nVitamin B3 (Niacinamide)\r\nCó tác dụng chống lão hóa, ngăn chặn các tác động xấu từ môi trường như ô nhiễm, khói bụi, giúp da sản sinh collagen và hyaluronic acid tự nhiên, cung cấp độ ẩm cho da.\r\n\r\nCurcuminoid\r\nCụ thể là Tetrahydrodiferuloylmethane có tên thương mại là Sabiwhite - được phát triển bởi tập đoàn Sabinsa (Ấn Độ). Hoạt chất này có tác dụng làm trắng da bằng cách ức chế hoạt động của enzyme tyrosinase, từ đó điều hoà quá trình sản sinh sắc tố melanin giúp cho da sáng và đều màu hơn, chống oxy hóa thông qua việc ngăn chặn quá trình tạo thành gốc tự do, kháng viêm và chống kích ứng.\r\n\r\nChiết xuất nghệ\r\nChiết xuất dạng nước thu được từ dịch chiết củ nghệ có tác dụng chống oxy hoá mạnh, làm sáng da, giảm kích ứng, làm dịu và làm lành các tổn thương trên da.', 1, '2024-11-21 01:37:59'),
(22, 'Nước Tẩy Trang L\'Oreal Tươi Mát Cho Da Dầu, Hỗn Hợp 400ml\r\nMicellar Water 3-in-1 Refreshing Even For', '', 5, 1, 148000, 'google-shopping-nuoc-tay-trang-tuoi-mat-l-oreal-3-in-1-danh-cho-da-dau-da-hon-hop-400ml_img_680x680_d30c8d_fit_center.jpg', 'Thành phần sản phẩm\r\n1. L\'Oréal Paris Micellar Water 3-in-1 Deep Cleansing Even For Sensitive Skin (Xanh dương đậm)\r\nThành phần chính:\r\n\r\nCó hai lớp chất lỏng giúp hòa tan chất bẩn và loại bỏ toàn bộ lớp trang điểm hiệu quả, kể cả lớp trang điểm lâu trôi và không thấm nước chỉ trong một bước.\r\n\r\nLớp Micellar chứa các hạt mixen siêu nhỏ len lỏi sâu và dễ dàng lấy đi bụi bẩn, dầu thừa, lớp trang điểm và chất bẩn khác mà không làm khô da.\r\n\r\nThành phần đầy đủ: Aqua / Water, Cyclopentasiloxane, Isohexadecane, Potassium Phosphate, Sodium Chloride, Dipotassium Phosphate, Disodium Edta, Decyl Glucoside, Hexylene Glycol, Polyaminopropyl Biguanide, CI 61565 / Green 6\r\n\r\n2. L\'Oréal Paris Micellar Water 3-in-1 Refreshing Even For Sensitive Skin (Xanh dương nhạt)\r\nThành phần chính:\r\n\r\nNước khoáng lấy từ những ngọn núi ở Pháp: làm dịu và giúp làn da trông tươi tắn lên sau khi tẩy trang.\r\n\r\nThành phần đầy đủ: Aqua / Water, Hexylene Glycol, Glycerin, Poloxamer 184, Disodium Cocoamphodiacetate, Disodium Edta, BHT , Polyaminopropyl Biguanide\r\n\r\n3. L\'Oréal Paris Micellar Water 3-in-1 Moisturizing Even For Sensitive Skin (Hồng)\r\nThành phần chính:\r\n\r\nChiết xuất hoa hồng Pháp: cân bằng độ ẩm & làm mềm mịn da, làn da vẫn đủ độ ẩm sau khi tẩy trang.\r\n\r\nThành phần đầy đủ: Aqua / Water, Hexylene Glycol, Glycerin, Rosa Gallica Flower Extract, Sorbitol, Poloxamer 184, Disodium Cocoamphodiacetate, Disodium Edta, Propylene Glycol, BHT , Polyaminopropyl Biguanide\r\n\r\n4. L\'Oréal Paris Revitalift Crystal Purifying Micellar Water (Trắng)\r\nThành phần chính:\r\n\r\nCông nghệ micelles: hoạt động như một nam châm làm sạch, loại bỏ 5 loại tạp chất có trên da bạn hằng ngày, giúp lỗ chân lông thoáng sạch.\r\n\r\nGlycerin: giúp cấp nước và giữ độ ẩm cho da, phục hồi và duy trì vẻ ngoài khỏe khoắn.\r\n\r\nThành phần đầy đủ: Aqua / Water, Hexylene Glycol, Glycerin, Rosa Gallica Flower Extract, Sorbitol, Poloxamer 184, Disodium Cocoamphodiacetate, Disodium Edta, Propylene Glycol, BHT , Polyaminopropyl Biguanide\r\n\r\n5. L\'Oreal Paris Revitalift Hyaluronic Acid Hydrating Micellar Water (Tím)\r\nThành phần chính:\r\n\r\nHyaluronic Acid: giúp làm dịu và cấp ẩm da căng mọng từ bên trong, nuôi dưỡng da khỏe mạnh và sáng bóng.\r\n\r\nThành phần đầy đủ: Aqua / Water, Hexylene Glycol, Glycerin, Rosa Gallica Flower Extract, Sorbitol, Poloxamer 184, Disodium Cocoamphodiacetate, Disodium Edta, Propylene Glycol, BHT , Polyaminopropyl Biguanide\r\n\r\n \r\nHướng dẫn sử dụng\r\nLắc đều sản phẩm Nước Tẩy Trang L\'Oreal trước khi sử dụng.\r\n\r\nĐổ nước tẩy trang thấm ướt vừa đủ lên miếng bông tẩy trang.\r\n\r\nNhẹ nhàng lau lên mặt, mắt và môi theo chuyển động tròn (Riêng đối với vùng mắt, bạn hãy giữ miếng bông tẩy trang trên mắt vài giây để nước tẩy trang thấm sâu và cuốn đi lớp make-up dễ dàng hơn).\r\n\r\nSử dụng để tẩy trang nhanh (không cần rửa lại với nước) khi bận rộn hoặc ở những nơi thiếu nước: khi đi du lịch, đi spa, đi gym, v.v...\r\n\r\nKhuyến khích sử dụng quy trình chăm sóc da hoàn chỉnh để có hiệu quả dưỡng da tốt nhất (Nước tẩy trang - Sữa rửa mặt - Nước hoa hồng - Kem dưỡng).', 0, '2024-11-21 01:40:57'),
(23, 'Nước Hoa Hồng Loreal Age Perfect Giảm Mờ Nếp Nhăn, Căng Mịn Da, 200 ml', '', 5, 3, 235000, 'Nuoc-hoa-hong-Loreal-Age-Perfect.jpg', 'Nước hoa hồng Loreal Age Perfect Gesichswasser giảm mở nếp nhăn, 200ml\r\nNước hoa hồng Loreal Age Perfect dành riêng cho phụ nữ đang ở độ tuổi ngoài 30, khi làn da bắt đầu có dấu hiệu của lão hóa, xuất hiện các vết chân chim và tàn nhang khó biến mất.\r\n\r\nLoreal Age Perfect Gesichswasser không chỉ làm sạch và cân bằng độ ẩm cho da. Nó còn giúp tính chỉnh lỗ chân lông, giảm mờ nếp nhăn cho da. Với công thức chứa Magnesium và Provitamin B5 giúp da săn chắc, tăng sự đàn hồi của da.\r\n\r\nThường xuyên sử dụng giúp cho làn da sáng mịn, cáng mượt đầy sức sống.\r\n\r\nĐặc tính nước hoa hồng Loreal Age Perfect\r\nLàm sạch kĩ lượng dư lượng và tạp chất mà sữa rửa mặt không rửa sạch được.\r\nLàm dịu da, cân bằng độ ẩm cho da, se khít lỗ chân lông.\r\nGiúp giảm mờ nhếp nhăn\r\nCông thức với Provitamin B5 và Magnesium.\r\nTăng sự đàn hồi của da, cho làn da sảng mịn, căng mượt đẩy sức sống.\r\nHướng dẫn sử dụng\r\nDùng hàng ngày vào buổi sáng và buổi tối.\r\nĐồ một vài giọt nước hoa hồng Loreal Age Perfect vào bông tẩy trang. Nhẹ nhàng thoa đều lên vùng da mặt, cổ và cằm.\r\nSau đó, thoa kem dưỡng da để hoàn thiện quá trình chăm sóc da mặt của bạn.\r\nThành phần\r\n782040 10 – Ingredients: aqua / water • glycerin • calcium pantetheine sulfonate • disodium edta • magnesium sulfate • sodium citrate • ascorbyl glucoside • panthenol • caprylyl glycol • peg-60 hydrogenated castor oil • benzyl alcohol • citronellol • geraniol • limonene • linalool • phenoxyethanol • parfum / fragrance (f.i.l. b236100/1).', 0, '2024-11-21 01:40:57');
INSERT INTO `products` (`id`, `name`, `excerpt`, `manu_id`, `type_id`, `price`, `image`, `description`, `feature`, `created_at`) VALUES
(24, 'Serum L\'oreal Paris Dưỡng Sáng Và Mờ Thâm Nám Glycolic Bright 1.0% Glycolic Acid (AHA)', 'Serum L\'Oreal Paris Dưỡng Sáng Và Mờ Thâm Nám là sản phẩm tinh chất dưỡng da đến từ thương hiệu mỹ phẩm L’Oreal Paris của Pháp, với phức hợp làm sáng 4 trong 1 trong đó chứa 1% Glycolic Acid có khả năng loại bỏ loại bỏ tế bào chết nhẹ nhàng', 5, 4, 445000, '1_2b4a50bbc91c42e593b18f9285f1a103.jpg', 'Serum L\'Oreal Paris Dưỡng Sáng Và Mờ Thâm Nám Glycolic Bright 1.0% Glycolic Acid (AHA) 15ml\r\nSerum L\'Oreal Paris Dưỡng Sáng Và Mờ Thâm Nám là sản phẩm tinh chất dưỡng da đến từ thương hiệu mỹ phẩm L’Oreal Paris của Pháp, với phức hợp làm sáng 4 trong 1 trong đó chứa 1% Glycolic Acid có khả năng loại bỏ loại bỏ tế bào chết nhẹ nhàng, tái tạo da giúp các dưỡng chất thẩm thấu sâu vào da đem lại hiệu quả dưỡng sáng mịn, ức chế sản sinh melanin giảm các vết thâm nám. \r\nLoại da phù hợp:\r\nSản phẩm thích hợp với mọi loại da.\r\nGiải pháp cho tình trạng da:\r\nDa sạm, xỉn màu, da không đều màu.\r\n\r\nNám, tàn nhang, thâm mụn,...\r\nƯu thế nổi bật:\r\nGlycolic Acid [AHA] 1% loại bỏ melanin ở từng tế bào, giảm thâm nám, đốm sạm màu, giảm khuyết điểm, làm đều màu da và làn da trông rạng rỡ hơn.\r\n\r\nNiacinamide 2% làm ức chế melanin trên bề mặt da, ngăn hình thành các đốm sắc tố sạm nám trên da.\r\n\r\nSymwhite giảm sinh melanin tận gốc.\r\n\r\nVitamin C làm sáng da và chống oxy hóa.\r\n\r\nGiảm tình trạng sạm màu và khuyết điểm trên da. Da đều màu và trông sáng, rạng rỡ hơn trong 2 tuần sử dụng.\r\n\r\nKết cấu dạng tinh chất lỏng, thấm nhanh cùng các thành phần dưỡng sáng tối ưu sẽ mang lại làn da rạng ngời.Độ an toàn:\r\n\r\nĐã được kiểm nghiệm bởi các bác sĩ da liễu.', 1, '2024-11-21 01:45:16'),
(25, 'Nước Dưỡng Hỗ Trợ Làm Sáng Da L\'oreal Glycolic - Bright Glowing Peeling Toner 128ml', '', 5, 3, 399000, 'bt_245d8924e0ef47a5aa022f1271fb5467_1024x1024.jpg', 'Chi tiết sản phẩm\r\nTên sản phẩm: Nước Dưỡng Hỗ Trợ Làm Sáng Da L\'oreal Glycolic - Bright Glowing Peeling Toner\r\n\r\nKết cấu: Dạng tinh chất lỏng\r\n\r\nDung tích: 128ml\r\n\r\nThương hiệu: Anessa (Pháp)\r\n\r\nNơi sản xuất: Trung Quốc\r\n\r\nHạn sử dụng: 3 năm kể từ ngày sản xuất in trên bao bì - 12 tháng kể từ khi mở nắp\r\n\r\n1. Thông tin sản phẩm\r\nNước Dưỡng Hỗ Trợ Làm Sáng Da L\'oreal Glycolic - Bright Glowing Peeling Toner là nước cân bằng thuộc thương hiệu L\'Oreal. Nước dưỡng có khả năng làm sạch tế bào chết nhẹ nhàng, làm mới làn da giúp các dưỡng chất thẩm thấu sâu vào da đem lại hiệu quả dưỡng sáng mịn, hỗ trợ cải thiện các vết thâm nám. Đồng thời, có tác dụng cải thiện nếp nhăn giúp da căng mịn, rạng rỡ hơn.\r\n2. Ưu điểm của Nước Dưỡng Hỗ Trợ Làm Sáng Da L\'oreal Glycolic - Bright Glowing Peeling Toner\r\nNước Dưỡng Hỗ Trợ Làm Sáng Da L\'oreal Glycolic - Bright Glowing Peeling Toner hiện đang có mặt tại Thế giới Skinfood với những đặc trưng nổi bật như sau:\r\n\r\nTẩy tế bào chết hiệu quả: Với 5% Glycolic Acid có chứa kích thước [AHA] nhỏ nhất giúp dễ dàng thẩm thấu sâu vào bề mặt da, cải thiện bề mặt da thô ráp. Đồng thời, hỗ trợ tẩy tế bào chết trên da, giúp hỗ trợ dưỡng sáng da, mờ vết thâm, tăng sinh tế bào mới cho da mềm mại, tươi sáng.\r\n\r\nNgăn ngừa sắc tố da: Niacinamide 2% làm ức chế melanin trên bề mặt da, ngăn hình thành các đốm sắc tố sạm nám, khuyết điểm trên da. Cùng với thành phần Symwhite giảm sinh melanin tận gốc.\r\n\r\nCấp nước và dưỡng ẩm chuyên sâu: Chứa thành phần Panthenol có khả năng cấp nước và dưỡng ẩm cho da, hỗ trợ làm mờ nếp và rãnh nhăn.\r\n\r\nLàm sáng và mờ nếp nhăn: Vitamin C hỗ trợ làm sáng da, cải thiện nếp nhăn giúp da căng mịn, đàn hồi.\r\n\r\nTinh chất lỏng thẩm thấu nhanh: Kết cấu dạng tinh chất lỏng, thấm nhanh vào da.\r\n\r\n3. Đối tượng khuyên dùng\r\nDành cho mọi làn da\r\n\r\nDành cho da không đều màu, nhiều vết thâm, nám.\r\n\r\nDành cho những làn da khô ráp, sần sùi và xuất hiện nhiều nếp nhăn\r\n\r\nDành cho những làn da đàn hồi kém, thiếu độ săn chắc\r\n\r\n4. Cách bảo quản\r\nTránh ánh nắng trực tiếp\r\n\r\nĐể nơi khô ráo, thoáng mát\r\n\r\nĐậy nắp kín sau khi sử dụng\r\n\r\n5. Hướng dẫn sử dụng\r\nSau khi làm sạch mặt, lắc đều chai và đổ 1 lượng vừa đủ vào bông tẩy trang và lau đều khắp mặt theo chiều kết cấu da vỗ nhẹ để dưỡng chất được hấp thụ tối đa.\r\n\r\n6. Những lưu ý khi sử dụng\r\nTác dụng của sản phẩm sẽ khác nhau tùy vào cơ địa của mỗi người. Với làn da nhạy cảm bạn nên thử sản phẩm ở một vùng nhỏ trước khi sử dụng cho toàn khuôn mặt. \r\n\r\n7. Những lưu ý khi mua hàng\r\nBao bì sản phẩm thay đổi theo từng đợt nhập hàng\r\n\r\n', 0, '2024-11-21 01:45:16'),
(26, 'Mặt Nạ Đất Sét L\'Oréal Paris Kiềm Dầu, Se Lỗ Chân Lông 50g\r\nPure Clay Mask Anti-Pores', '', 5, 5, 149000, 'google-shopping-mat-na-dat-set-l-oreal-paris-kiem-dau-se-lo-chan-long-50g_img_680x680_d30c8d_fit_center.jpg', 'Mặt Nạ Đất Sét L\'Oreal Pure Clay Mask 50g\r\n\r\nMặt Nạ Đất Sét L\'Oreal Pure Clay Mask là dòng “siêu phẩm” mặt nạ vừa được thương hiệu đình đám L’Oreal Paris tung ra thị trường vào năm 2018 vừa qua, giúp thanh lọc làn da chỉ với 10 phút sử dụng, mang lại cho bạn làn da sạch thoáng láng mịn!\r\n\r\nLàn da khô sạm, xỉn màu khiến bạn trở nên thiếu sức sống và thậm chí trở nên già nua hơn. Một trong những biện pháp phục hồi da hữu hiệu nhất chính là liệu pháp thải độc da bằng mặt nạ đất sét - một trong những thành phần đơn giản từ thiên nhiên nhưng rất hiệu quả để mang đến cho bạn làn da tươi mới, láng mịn và đầy sức sống. Hơn nữa, đất sét không chỉ giúp làn da rạng rỡ, tươi sáng mà còn cải thiện vấn đề lỗ chân lông to, kiềm dầu, làm sạch da từ sâu bên trong.\r\n\r\nHasaki xin giới thiệu đến các bạn Mặt Nạ Đất Sét L\'Oreal Pure Clay Mask với vô vàn công dụng thần thánh. Chỉ cần 10 phút thanh lọc bằng Mặt Nạ Đất Sét L\'Oreal Pure Clay Mask, làn da bạn sẽ thật sự sạch sâu, mềm mại, mịn màng sau những ngày phải chống chọi với mỹ phẩm, khói bụi. Với nguyên liệu được chiết xuất từ thiên nhiên, dòng sản phẩm này chia thành 4 loại chính, dành riêng cho từng loại da & nhu cầu da khác nhau của các nàng:\r\n\r\nPure Clay Mask Illuminating (màu trắng): dưỡng sáng da tức thì, giảm thâm sạm & xỉn màu\r\n\r\nPure Clay Mask Anti-Pores (màu xanh ngọc): kiềm dầu, làm se mịn lỗ chân lông\r\n\r\nPure Clay Mask Detoxify (màu đen): giảm mụn đầu đen, làm mịn da\r\n\r\nPure Clay Mask Anti-Blemish (màu xanh biển): ngăn ngừa và làm giảm mụn', 0, '2024-11-21 01:48:20'),
(27, 'Sữa Rửa Mặt L\'oreal Paris Cấp Ẩm Và Căng Mịn Da Revitalift Hyaluronic Acid Hydrating Gel-Cleanser 10', '', 5, 2, 141000, 'loreal-paris-revitalift-hyaluronic-acid-hydrating-gel-cleanser-100ml-1_c5de2d89264c4fc8992644b631005ec7_grande.webp', 'Sữa Rửa Mặt L\'oreal Paris Cấp Ẩm Và Căng Mịn Da Revitalift Hyaluronic Acid Hydrating Gel-Cleanser 100ml\r\nSữa Rửa Mặt L\'Oréal Revitalift Hyaluronic Acid Hydrating Gel Cleanser mới đến từ thương hiệu L\'Oréal Paris sẽ là lựa chọn đúng đắn để nuôi dưỡng và chăm sóc làn da sáng mịn mỗi ngày. Công thức với thành phần Hyaluronic Acid được nghiên cứu giúp nhẹ nhàng làm sạch và cấp ẩm cho làn da căng mọng. Đồng thời, lớp bọt kem siêu mịn sẽ thẩm thấu sâu vào lỗ chân lông và loại bỏ các tạp chất cùng lớp makeup hiệu quả mà không làm khô da, nuôi dưỡng da khỏe mạnh và sáng bóng. Đây hứa hẹn là bước khởi đầu hoàn hảo cho quá trình dưỡng da căng mịn của bạn.\r\nLoại da phù hợp:\r\nL\'Oréal Revitalift Hyaluronic Acid Hydrating Gel Cleanser phù hợp cho mọi loại da.\r\nGiải pháp cho tình trạng da:\r\nDa thiếu ẩm - thiếu nước, thường xuyên gặp tình trạng khô căng, bong tróc sau khi rửa mặt.\r\n\r\nDa lão hoá - nếp nhăn, giảm độ căng da và kém săn chắc.\r\nƯu thế nổi bật:\r\nChứa thành phần Hyaluronic Acid giúp cung cấp độ ẩm vượt trội cho làn da ẩm mịn và căng mọng.\r\n\r\nBọt kem siêu mịn có khả năng thấm sâu vào lỗ chân lông, loại bỏ hoàn toàn các tạp chất và lớp trang điểm, cho làn da sạch thoáng nhẹ tênh.\r\n\r\nCông nghệ gel độc đáo giúp nhẹ nhàng làm sạch mà không gây khô da.\r\n\r\nMang lại làn da tươi mát và đủ ẩm sau một thời gian sử dụng; da mịn màng, căng mọng và rạng rỡ tươi trẻ hơn.\r\n\r\nCông thức đã được kiểm nghiệm da liễu, an toàn và phù hợp cho mọi loại da.\r\n\r\nBảo quản:\r\nBảo quản nơi khô ráo, thoáng mát, tránh ánh nắng trực tiếp hoặc nơi có nhiệt độ cao / ẩm ướt.\r\n\r\nTránh xa tầm tay trẻ em.\r\n\r\nĐậy nắp kín sau khi sử dụng.', 0, '2024-11-21 01:48:20');

-- --------------------------------------------------------

--
-- Table structure for table `protypes`
--

CREATE TABLE `protypes` (
  `type_id` int(11) NOT NULL,
  `type_name` varchar(100) CHARACTER SET utf8mb4 COLLATE utf8mb4_unicode_ci NOT NULL
) ENGINE=InnoDB DEFAULT CHARSET=utf8mb4 COLLATE=utf8mb4_general_ci;

--
-- Dumping data for table `protypes`
--

INSERT INTO `protypes` (`type_id`, `type_name`) VALUES
(1, 'Tẩy trang'),
(2, 'Sửa sửa mặt'),
(3, 'Toner'),
(4, 'Serum'),
(5, 'Mặt nạ');

--
-- Indexes for dumped tables
--

--
-- Indexes for table `manufactures`
--
ALTER TABLE `manufactures`
  ADD PRIMARY KEY (`manu_id`);

--
-- Indexes for table `products`
--
ALTER TABLE `products`
  ADD PRIMARY KEY (`id`);

--
-- Indexes for table `protypes`
--
ALTER TABLE `protypes`
  ADD PRIMARY KEY (`type_id`);

--
-- AUTO_INCREMENT for dumped tables
--

--
-- AUTO_INCREMENT for table `manufactures`
--
ALTER TABLE `manufactures`
  MODIFY `manu_id` int(11) NOT NULL AUTO_INCREMENT, AUTO_INCREMENT=6;

--
-- AUTO_INCREMENT for table `products`
--
ALTER TABLE `products`
  MODIFY `id` int(11) NOT NULL AUTO_INCREMENT, AUTO_INCREMENT=28;

--
-- AUTO_INCREMENT for table `protypes`
--
ALTER TABLE `protypes`
  MODIFY `type_id` int(11) NOT NULL AUTO_INCREMENT, AUTO_INCREMENT=6;
COMMIT;

/*!40101 SET CHARACTER_SET_CLIENT=@OLD_CHARACTER_SET_CLIENT */;
/*!40101 SET CHARACTER_SET_RESULTS=@OLD_CHARACTER_SET_RESULTS */;
/*!40101 SET COLLATION_CONNECTION=@OLD_COLLATION_CONNECTION */;
